PassengerId,Survived,Pclass,Sex,Age,Fare,Title,Embarked_C,Embarked_Q,Embarked_S,FamilySize
1,0,3,1,-0.5657364610748746,-0.8797405693934278,1,0.0,0.0,1.0,2
2,1,1,0,0.6638610320657843,1.3612199269233833,2,1.0,0.0,0.0,2
3,1,3,0,-0.2583370877897099,-0.798539974052802,0,0.0,0.0,1.0,1
4,1,1,0,0.4333115021019107,1.0620380556287106,2,0.0,0.0,1.0,2
5,0,3,1,0.4333115021019107,-0.7841792430073967,1,0.0,0.0,1.0,1
6,0,3,1,-0.10463740114712752,-0.7386163019798164,1,0.0,1.0,0.0,1
7,0,1,1,1.893458525206443,1.038145562232327,1,0.0,0.0,1.0,1
8,0,3,1,-2.1027333275006983,0.1364991380659541,3,0.0,0.0,1.0,5
9,1,3,0,-0.1814872444684187,-0.48145578049281335,2,0.0,0.0,1.0,3
10,1,2,0,-1.180535207645204,0.4894379098126231,2,1.0,0.0,0.0,2
11,1,3,0,-1.949033640858116,-0.09156500424402261,0,0.0,0.0,1.0,3
12,1,1,0,2.200857898491608,0.36526093570402607,0,0.0,0.0,1.0,1
13,0,3,1,-0.719436147717457,-0.7841792430073967,1,0.0,0.0,1.0,1
14,0,3,1,0.7407108753870755,0.5286989276421437,1,0.0,0.0,1.0,7
15,0,3,0,-1.180535207645204,-0.806763380796033,0,0.0,0.0,1.0,1
16,1,2,0,1.9703083685277343,-0.13322852057373055,2,0.0,0.0,1.0,1
17,0,3,1,-2.1027333275006983,0.457519539438721,3,0.0,1.0,0.0,6
18,1,2,1,-0.10463740114712752,-0.3336984726090336,1,0.0,0.0,1.0,1
19,0,3,0,0.12591212881674602,-0.01838583697289204,2,0.0,0.0,1.0,2
20,1,3,0,-0.10463740114712752,-0.8828741679067217,2,1.0,0.0,0.0,1
21,0,2,1,0.4333115021019107,0.3444394801955362,1,0.0,0.0,1.0,1
22,1,2,1,0.35646165878061953,-0.3336984726090336,1,0.0,0.0,1.0,1
23,1,3,0,-1.1036853643239128,-0.7865550587251358,0,0.0,1.0,0.0,1
24,1,1,1,-0.10463740114712752,0.6557188297748954,1,0.0,0.0,1.0,1
25,0,3,0,-1.6416342675729512,0.1364991380659541,0,0.0,0.0,1.0,5
26,1,3,0,0.6638610320657843,0.5322916934007406,2,0.0,0.0,1.0,7
27,0,3,1,-0.10463740114712752,-0.8828741679067217,1,1.0,0.0,0.0,1
28,0,1,1,-0.7962859910387481,2.6987007794454887,1,0.0,0.0,1.0,6
29,1,3,0,-0.10463740114712752,-0.8038521494426432,0,0.0,1.0,0.0,1
30,0,3,1,-0.10463740114712752,-0.8019236166026618,1,0.0,0.0,1.0,1
31,0,1,1,0.8175607187083667,0.4082334475616762,3,1.0,0.0,0.0,1
32,1,1,0,-0.10463740114712752,2.097794920021772,2,1.0,0.0,0.0,2
33,1,3,0,-0.10463740114712752,-0.8189865811572414,0,0.0,1.0,0.0,1
34,0,2,1,2.8156566450619374,-0.5368057694182641,1,0.0,0.0,1.0,1
35,0,1,1,-0.10463740114712752,1.5060857797883969,1,1.0,0.0,0.0,2
36,0,1,1,0.9712604053509489,1.0408277503255374,1,0.0,0.0,1.0,2
37,1,3,1,-0.10463740114712752,-0.8823470582632056,1,1.0,0.0,0.0,1
38,0,3,1,-0.6425863043961658,-0.7841792430073967,1,0.0,0.0,1.0,1
39,0,3,0,-0.8731358343600393,-0.01838583697289204,0,0.0,0.0,1.0,3
40,1,3,0,-1.180535207645204,-0.47227211715402734,0,1.0,0.0,0.0,2
41,0,3,0,0.8175607187083667,-0.6331972544104215,2,0.0,0.0,1.0,2
42,0,2,0,-0.1814872444684187,0.1329851701219792,2,0.0,0.0,1.0,2
43,0,3,1,-0.10463740114712752,-0.8019236166026618,1,1.0,0.0,0.0,1
44,1,2,0,-2.025883484179407,0.8147822510349934,0,1.0,0.0,0.0,4
45,1,3,0,-0.7962859910387481,-0.8038521494426432,0,0.0,1.0,0.0,1
46,0,3,1,-0.10463740114712752,-0.7841792430073967,1,0.0,0.0,1.0,1
47,0,3,1,-0.10463740114712752,-0.16405229962564447,1,0.0,1.0,0.0,2
48,1,3,0,-0.10463740114712752,-0.8189865811572414,0,0.0,1.0,0.0,1
49,0,3,1,-0.10463740114712752,0.16437971416667366,1,1.0,0.0,0.0,3
50,0,3,0,-0.8731358343600393,-0.029312075627065143,2,0.0,0.0,1.0,2
51,0,3,1,-1.7184841108942424,0.7678594338107121,3,0.0,0.0,1.0,6
52,0,3,1,-0.6425863043961658,-0.8131032608653792,1,0.0,0.0,1.0,1
53,1,1,0,1.5092093085999871,1.4362199751817062,2,1.0,0.0,0.0,2
54,1,2,0,-0.027787557825836348,0.3444394801955362,2,0.0,0.0,1.0,2
55,0,1,1,2.738806801740646,1.2189504454470093,1,1.0,0.0,0.0,2
56,1,1,1,-0.10463740114712752,0.6557188297748954,1,0.0,0.0,1.0,1
57,1,2,0,-0.6425863043961658,-0.5368057694182641,0,0.0,0.0,1.0,1
58,0,3,1,-0.06621247948648194,-0.8823470582632056,1,1.0,0.0,0.0,1
59,1,2,0,-1.8721837975368247,0.40928266156909443,0,0.0,0.0,1.0,4
60,0,3,1,-1.4110847376090776,0.936361092700485,3,0.0,0.0,1.0,8
61,0,3,1,-0.5657364610748746,-0.8823470582632056,1,1.0,0.0,0.0,1
62,1,1,0,0.6638610320657843,1.4787785499834798,0,0.0,0.0,1.0,1
63,0,1,1,1.2018099353148226,1.5221510751129648,1,0.0,0.0,1.0,2
64,0,3,1,-1.949033640858116,0.4146557174979072,3,0.0,0.0,1.0,6
65,0,1,1,-0.10463740114712752,0.4082334475616762,1,1.0,0.0,0.0,1
66,1,3,1,-0.10463740114712752,-0.1800831698720664,3,1.0,0.0,0.0,3
67,1,2,0,-0.027787557825836348,-0.5368057694182641,2,0.0,0.0,1.0,1
68,0,3,1,-0.7962859910387481,-0.7718965778779472,1,0.0,0.0,1.0,1
69,1,3,0,-0.9499856776813305,-0.798539974052802,0,0.0,0.0,1.0,7
70,0,3,1,-0.2583370877897099,-0.7165619336211217,1,0.0,0.0,1.0,3
71,0,2,1,0.20276197213803718,-0.5368057694182641,1,0.0,0.0,1.0,1
72,0,3,0,-1.0268355210026217,0.936361092700485,0,0.0,0.0,1.0,8
73,0,2,1,-0.6425863043961658,1.3924082286355355,1,0.0,0.0,1.0,1
74,0,3,1,-0.2583370877897099,-0.23166125968823223,1,1.0,0.0,0.0,2
75,1,3,1,0.20276197213803718,1.1248955097361604,1,0.0,0.0,1.0,1
76,0,3,1,-0.33518693111100106,-0.830854756854953,1,0.0,0.0,1.0,1
77,0,3,1,-0.10463740114712752,-0.8019236166026618,1,0.0,0.0,1.0,1
78,0,3,1,-0.10463740114712752,-0.7841792430073967,1,0.0,0.0,1.0,1
79,1,2,1,-2.192647644186609,0.4532263111425748,3,0.0,0.0,1.0,3
80,1,3,0,0.04906228549545483,-0.37316263612134226,0,0.0,0.0,1.0,1
81,0,3,1,-0.5657364610748746,-0.6811127586453682,1,0.0,0.0,1.0,1
82,1,3,1,-0.027787557825836348,-0.6307359423566569,1,0.0,0.0,1.0,1
83,1,3,0,-0.10463740114712752,-0.8145709511162281,0,0.0,1.0,0.0,1
84,0,1,1,-0.10463740114712752,0.940663265248102,1,0.0,0.0,1.0,1
85,1,2,0,-0.9499856776813305,-0.5368057694182641,0,0.0,0.0,1.0,1
86,1,3,0,0.27961181545932834,-0.1423794216910609,2,0.0,0.0,1.0,4
87,0,3,1,-1.0268355210026217,0.6233938271906204,1,0.0,0.0,1.0,5
88,0,3,1,-0.10463740114712752,-0.7841792430073967,1,0.0,0.0,1.0,1
89,1,1,0,-0.48888661775358344,2.6987007794454887,0,0.0,0.0,1.0,6
90,0,3,1,-0.41203677443229225,-0.7841792430073967,1,0.0,0.0,1.0,1
91,0,3,1,-0.027787557825836348,-0.7841792430073967,1,0.0,0.0,1.0,1
92,0,3,1,-0.719436147717457,-0.806763380796033,1,0.0,0.0,1.0,1
93,0,1,1,1.2786597786361138,1.2056809915054134,1,0.0,0.0,1.0,2
94,0,3,1,-0.2583370877897099,0.11284358066326507,1,0.0,0.0,1.0,4
95,0,3,1,2.277707741812899,-0.8797405693934278,1,0.0,0.0,1.0,1
96,0,3,1,-0.10463740114712752,-0.7841792430073967,1,0.0,0.0,1.0,1
97,0,1,1,3.1999058616683933,0.6315110816648204,1,1.0,0.0,0.0,1
98,1,1,1,-0.48888661775358344,1.241316266924983,1,1.0,0.0,0.0,2
99,1,2,0,0.35646165878061953,0.2228261499229997,2,0.0,0.0,1.0,2
100,0,2,1,0.35646165878061953,0.3444394801955362,1,0.0,0.0,1.0,2
101,0,3,0,-0.10463740114712752,-0.8019236166026618,0,0.0,0.0,1.0,1
102,0,3,1,-0.10463740114712752,-0.8019236166026618,1,0.0,0.0,1.0,1
103,0,1,1,-0.6425863043961658,1.443609675522841,1,0.0,0.0,1.0,2
104,0,3,1,0.27961181545932834,-0.7174492400289059,1,0.0,0.0,1.0,1
105,0,3,1,0.5870111887444931,-0.798539974052802,1,0.0,0.0,1.0,3
106,0,3,1,-0.10463740114712752,-0.8019236166026618,1,0.0,0.0,1.0,1
107,1,3,0,-0.6425863043961658,-0.830854756854953,0,0.0,0.0,1.0,1
108,1,3,1,-0.10463740114712752,-0.8160407306065733,1,0.0,0.0,1.0,1
109,0,3,1,0.6638610320657843,-0.8019236166026618,1,0.0,0.0,1.0,1
110,1,3,0,-0.10463740114712752,0.2711522804976662,0,0.0,1.0,0.0,2
111,0,1,1,1.3555096219574048,1.0408277503255374,1,0.0,0.0,1.0,1
112,0,3,0,-1.1421102859845584,-0.23166125968823223,0,1.0,0.0,0.0,2
113,0,3,1,-0.5657364610748746,-0.7841792430073967,1,0.0,0.0,1.0,1
114,0,3,0,-0.719436147717457,-0.5992616204389827,0,0.0,0.0,1.0,2
115,0,3,0,-0.9499856776813305,-0.23138736843472296,0,1.0,0.0,0.0,1
116,0,3,1,-0.6425863043961658,-0.798539974052802,1,0.0,0.0,1.0,1
117,0,3,1,3.1614809400077477,-0.8189865811572414,1,0.0,1.0,0.0,1
118,0,2,1,-0.027787557825836348,0.1329851701219792,1,0.0,0.0,1.0,2
119,0,1,1,-0.41203677443229225,2.6363132839087284,1,1.0,0.0,0.0,2
120,0,3,0,-2.1027333275006983,0.5286989276421437,0,0.0,0.0,1.0,7
121,0,2,1,-0.6425863043961658,1.3924082286355355,1,0.0,0.0,1.0,3
122,0,3,1,-0.10463740114712752,-0.7841792430073967,1,0.0,0.0,1.0,1
123,0,2,1,0.24118689379868277,0.4894379098126231,1,1.0,0.0,0.0,2
124,1,2,0,0.24118689379868277,-0.3336984726090336,0,0.0,0.0,1.0,1
125,0,1,1,1.893458525206443,1.443609675522841,1,0.0,0.0,1.0,2
126,1,3,1,-1.3342348942877864,-0.47227211715402734,3,1.0,0.0,0.0,2
127,0,3,1,-0.10463740114712752,-0.8189865811572414,1,0.0,1.0,0.0,1
128,1,3,1,-0.41203677443229225,-0.8933844909173265,1,0.0,0.0,1.0,1
129,1,3,0,-0.10463740114712752,0.19484336402527688,0,1.0,0.0,0.0,3
130,0,3,1,1.2018099353148226,-0.9147445967366699,1,0.0,0.0,1.0,1
131,0,3,1,0.27961181545932834,-0.8019236166026618,1,1.0,0.0,0.0,1
132,0,3,1,-0.719436147717457,-0.9050797531497118,1,0.0,0.0,1.0,1
133,0,3,0,1.3555096219574048,-0.2286058134653583,2,0.0,0.0,1.0,2
134,1,2,0,-0.027787557825836348,0.3444394801955362,2,0.0,0.0,1.0,2
135,0,2,1,-0.33518693111100106,-0.3336984726090336,1,0.0,0.0,1.0,1
136,0,2,1,-0.48888661775358344,-0.19287328396337328,1,1.0,0.0,0.0,1
137,1,1,0,-0.7962859910387481,0.3552168481314282,0,0.0,0.0,1.0,3
138,0,1,1,0.5870111887444931,1.0620380556287106,1,0.0,0.0,1.0,2
139,0,3,1,-1.0268355210026217,-0.6589770356240848,1,0.0,0.0,1.0,1
140,0,1,1,-0.41203677443229225,1.4685301291949246,1,1.0,0.0,0.0,1
141,0,3,0,-0.10463740114712752,-0.1800831698720664,2,1.0,0.0,0.0,3
142,1,3,0,-0.5657364610748746,-0.8189865811572414,0,0.0,0.0,1.0,1
143,1,3,0,-0.41203677443229225,-0.1423794216910609,2,0.0,0.0,1.0,2
144,0,3,1,-0.7962859910387481,-0.9442940832331417,1,0.0,1.0,0.0,1
145,0,2,1,-0.8731358343600393,-0.4507125974257932,1,0.0,0.0,1.0,1
146,0,2,1,-0.7962859910387481,0.6904870950626278,1,0.0,0.0,1.0,3
147,1,3,1,-0.1814872444684187,-0.8135961720983267,1,0.0,0.0,1.0,1
148,0,3,0,-1.56478442425166,0.6233938271906204,0,0.0,0.0,1.0,5
149,0,2,1,0.5485862670838475,0.3444394801955362,1,0.0,0.0,1.0,3
150,0,2,1,0.9712604053509489,-0.3336984726090336,4,0.0,0.0,1.0,1
151,0,2,1,1.6629089952425695,-0.3693384839068557,4,0.0,0.0,1.0,1
152,1,1,0,-0.5657364610748746,1.2920564383571118,2,0.0,0.0,1.0,2
153,0,3,1,2.00873329018838,-0.7841792430073967,1,0.0,0.0,1.0,1
154,0,3,1,0.8559856403690123,-0.2286058134653583,1,0.0,0.0,1.0,3
155,0,3,1,-0.10463740114712752,-0.8719479292525482,1,0.0,0.0,1.0,1
156,0,1,1,1.6629089952425695,1.2090665177433995,1,1.0,0.0,0.0,2
157,1,3,0,-1.0268355210026217,-0.8209591021193487,0,0.0,1.0,0.0,1
158,0,3,1,0.04906228549545483,-0.7841792430073967,1,0.0,0.0,1.0,1
159,0,3,1,-0.10463740114712752,-0.7165619336211217,1,0.0,0.0,1.0,1
160,0,3,1,-0.10463740114712752,1.3361591794576348,3,0.0,0.0,1.0,11
161,0,3,1,1.1249600919935314,-0.12717266791993012,1,0.0,0.0,1.0,2
162,1,2,0,0.8175607187083667,-0.1485253917280838,2,0.0,0.0,1.0,1
163,0,3,1,-0.2583370877897099,-0.8160407306065733,1,0.0,0.0,1.0,1
164,0,3,1,-0.9499856776813305,-0.7165619336211217,1,0.0,0.0,1.0,1
165,0,3,1,-2.1795831708219895,0.7678594338107121,3,0.0,0.0,1.0,6
166,1,3,1,-1.56478442425166,0.11044794172866994,3,0.0,0.0,1.0,3
167,1,1,0,-0.10463740114712752,1.0976780669265336,2,0.0,0.0,1.0,2
168,0,3,0,1.2018099353148226,0.4146557174979072,2,0.0,0.0,1.0,6
169,0,1,1,-0.10463740114712752,0.34156737843370105,1,0.0,0.0,1.0,1
170,0,3,1,-0.10463740114712752,1.1248955097361604,1,0.0,0.0,1.0,1
171,0,1,1,2.4314074284554814,0.5975333003696796,1,0.0,0.0,1.0,1
172,0,3,1,-1.949033640858116,0.457519539438721,3,0.0,1.0,0.0,6
173,1,3,0,-2.1795831708219895,-0.48145578049281335,0,0.0,0.0,1.0,3
174,0,3,1,-0.6425863043961658,-0.798539974052802,1,0.0,0.0,1.0,1
175,0,1,1,2.0471582118490255,0.5100012756239033,1,1.0,0.0,0.0,1
176,0,3,1,-0.8731358343600393,-0.806763380796033,1,0.0,0.0,1.0,3
177,0,3,1,-0.10463740114712752,0.32384119624754826,3,0.0,0.0,1.0,5
178,0,1,0,1.5860591519212783,0.4432836100273541,0,1.0,0.0,0.0,1
179,0,2,1,0.04906228549545483,-0.3336984726090336,1,0.0,0.0,1.0,1
180,0,3,1,0.5101613454232019,-3.0585777291682934,1,0.0,0.0,1.0,1
181,0,3,0,-0.10463740114712752,1.3361591794576348,0,0.0,0.0,1.0,11
182,0,2,1,-0.10463740114712752,-0.19260305647698941,1,1.0,0.0,0.0,1
183,0,3,1,-1.56478442425166,0.5322916934007406,3,0.0,0.0,1.0,7
184,1,2,1,-2.1795831708219895,0.750263780890198,3,0.0,0.0,1.0,4
185,1,3,0,-1.949033640858116,0.1800041951014629,0,0.0,0.0,1.0,3
186,0,1,1,-0.10463740114712752,1.0011105492142125,1,0.0,0.0,1.0,1
187,1,3,0,-0.10463740114712752,-0.16405229962564447,2,0.0,1.0,0.0,2
188,1,1,1,1.2018099353148226,0.36526093570402607,1,0.0,0.0,1.0,1
189,0,3,1,0.8175607187083667,-0.16405229962564447,1,0.0,1.0,0.0,3
190,0,3,1,0.5101613454232019,-0.8019236166026618,1,0.0,0.0,1.0,1
191,1,2,0,0.20276197213803718,-0.3336984726090336,2,0.0,0.0,1.0,1
192,0,2,1,-0.7962859910387481,-0.3336984726090336,1,0.0,0.0,1.0,1
193,1,3,0,-0.7962859910387481,-0.806763380796033,0,0.0,0.0,1.0,2
194,1,2,1,-2.025883484179407,0.3444394801955362,3,0.0,0.0,1.0,3
195,1,1,0,1.1249600919935314,0.4082334475616762,2,1.0,0.0,0.0,1
196,1,1,0,2.200857898491608,2.097794920021772,0,1.0,0.0,0.0,1
197,0,3,1,-0.10463740114712752,-0.8189865811572414,1,0.0,1.0,0.0,1
198,0,3,1,0.9712604053509489,-0.7445391097425897,1,0.0,0.0,1.0,2
199,1,3,0,-0.10463740114712752,-0.8189865811572414,0,0.0,1.0,0.0,1
200,0,2,0,-0.41203677443229225,-0.3336984726090336,0,0.0,0.0,1.0,1
201,0,3,1,-0.10463740114712752,-0.6307359423566569,1,0.0,0.0,1.0,1
202,0,3,1,-0.10463740114712752,1.3361591794576348,1,0.0,0.0,1.0,11
203,0,3,1,0.35646165878061953,-0.9787286015064478,1,0.0,0.0,1.0,1
204,0,3,1,1.2402348569754682,-0.8828741679067217,1,1.0,0.0,0.0,1
205,1,3,1,-0.8731358343600393,-0.7841792430073967,1,0.0,0.0,1.0,1
206,0,3,0,-2.1027333275006983,-0.5401781836878246,0,0.0,0.0,1.0,2
207,0,3,1,0.20276197213803718,-0.1423794216910609,1,0.0,0.0,1.0,2
208,1,3,1,-0.2583370877897099,0.023546289947323752,1,1.0,0.0,0.0,1
209,1,3,0,-1.0268355210026217,-0.8189865811572414,0,0.0,1.0,0.0,1
210,1,1,1,0.8175607187083667,0.5198636196706229,1,1.0,0.0,0.0,1
211,0,3,1,-0.41203677443229225,-0.9050797531497118,1,0.0,0.0,1.0,1
212,1,2,0,0.4333115021019107,0.1329851701219792,0,0.0,0.0,1.0,1
213,0,3,1,-0.5657364610748746,-0.8797405693934278,1,0.0,0.0,1.0,1
214,0,2,1,0.04906228549545483,-0.3336984726090336,1,0.0,0.0,1.0,1
215,0,3,1,-0.10463740114712752,-0.8189865811572414,1,0.0,1.0,0.0,2
216,1,1,0,0.12591212881674602,1.834129231109428,0,1.0,0.0,0.0,2
217,1,3,0,-0.1814872444684187,-0.798539974052802,0,0.0,0.0,1.0,1
218,0,2,1,0.9712604053509489,0.3819897971587497,1,0.0,0.0,1.0,2
219,1,1,0,0.20276197213803718,1.4303920040723752,0,1.0,0.0,0.0,1
220,0,2,1,0.04906228549545483,-0.5368057694182641,1,0.0,0.0,1.0,1
221,1,3,1,-1.0268355210026217,-0.7841792430073967,1,0.0,0.0,1.0,1
222,0,2,1,-0.1814872444684187,-0.3336984726090336,1,0.0,0.0,1.0,1
223,0,3,1,1.6629089952425695,-0.7841792430073967,1,0.0,0.0,1.0,1
224,0,3,1,-0.10463740114712752,-0.8019236166026618,1,0.0,0.0,1.0,1
225,1,1,1,0.6638610320657843,1.5989745568795648,1,0.0,0.0,1.0,2
226,0,3,1,-0.5657364610748746,-0.6455926003653025,1,0.0,0.0,1.0,1
227,1,2,1,-0.7962859910387481,-0.5368057694182641,1,0.0,0.0,1.0,1
228,0,3,1,-0.6810112260568114,-0.8797405693934278,1,0.0,0.0,1.0,1
229,0,2,1,-0.8731358343600393,-0.3336984726090336,1,0.0,0.0,1.0,1
230,0,3,0,-0.10463740114712752,0.32384119624754826,0,0.0,0.0,1.0,5
231,1,1,0,0.4333115021019107,1.5221510751129648,2,0.0,0.0,1.0,2
232,0,3,1,-0.027787557825836348,-0.8160407306065733,1,0.0,0.0,1.0,1
233,0,2,1,2.277707741812899,-0.29746598596845064,1,0.0,0.0,1.0,1
234,1,3,0,-1.8721837975368247,0.5322916934007406,0,0.0,0.0,1.0,7
235,0,2,1,-0.41203677443229225,-0.5368057694182641,1,0.0,0.0,1.0,1
236,0,3,0,-0.10463740114712752,-0.8428609376877135,0,0.0,0.0,1.0,1
237,0,2,1,1.1249600919935314,0.3444394801955362,1,0.0,0.0,1.0,2
238,1,2,0,-1.6416342675729512,0.35395586016517094,0,0.0,0.0,1.0,3
239,0,2,1,-0.7962859910387481,-0.5368057694182641,1,0.0,0.0,1.0,1
240,0,2,1,0.27961181545932834,-0.3886024739916458,1,0.0,0.0,1.0,1
241,0,3,0,-0.10463740114712752,-0.23166125968823223,0,1.0,0.0,0.0,2
242,1,3,0,-0.10463740114712752,-0.16405229962564447,0,0.0,1.0,0.0,2
243,0,2,1,-0.027787557825836348,-0.5368057694182641,1,0.0,0.0,1.0,1
244,0,3,1,-0.5657364610748746,-0.8955045384601199,1,0.0,0.0,1.0,1
245,0,3,1,0.04906228549545483,-0.8828741679067217,1,1.0,0.0,0.0,1
246,0,1,1,1.1249600919935314,1.5989745568795648,3,0.0,1.0,0.0,3
247,0,3,0,-0.33518693111100106,-0.8160407306065733,0,0.0,0.0,1.0,1
248,1,2,0,-0.41203677443229225,-0.2286058134653583,2,0.0,0.0,1.0,3
249,1,1,1,0.5870111887444931,1.0515683442816504,1,0.0,0.0,1.0,3
250,0,2,1,1.893458525206443,0.3444394801955362,4,0.0,0.0,1.0,2
251,0,3,1,-0.10463740114712752,-0.8797405693934278,1,0.0,0.0,1.0,1
252,0,3,0,-0.027787557825836348,-0.5401781836878246,2,0.0,0.0,1.0,3
253,0,1,1,2.5082572717767726,0.36526093570402607,1,0.0,0.0,1.0,1
254,0,3,1,0.04906228549545483,-0.12717266791993012,1,0.0,0.0,1.0,2
255,0,3,0,0.8944105620296577,0.09534793704965058,2,0.0,0.0,1.0,3
256,1,3,0,-0.027787557825836348,-0.1800831698720664,2,1.0,0.0,0.0,3
257,1,1,0,-0.10463740114712752,1.4685301291949246,2,1.0,0.0,0.0,1
258,1,1,0,0.04906228549545483,1.5584783893656837,0,0.0,0.0,1.0,1
259,1,1,0,0.4333115021019107,3.3852937438182273,0,1.0,0.0,0.0,1
260,1,2,0,1.5860591519212783,0.3444394801955362,2,0.0,0.0,1.0,2
261,0,3,1,-0.10463740114712752,-0.8189865811572414,1,0.0,1.0,0.0,1
262,1,3,1,-2.025883484179407,0.5322916934007406,3,0.0,0.0,1.0,7
263,0,1,1,1.7397588385638607,1.4743073772537167,1,0.0,0.0,1.0,3
264,0,1,1,0.8175607187083667,-3.0585777291682934,1,0.0,0.0,1.0,1
265,0,3,0,-0.10463740114712752,-0.8189865811572414,0,0.0,1.0,0.0,1
266,0,2,1,0.5101613454232019,-0.5368057694182641,1,0.0,0.0,1.0,1
267,0,3,1,-1.0268355210026217,0.7678594338107121,1,0.0,0.0,1.0,6
268,1,3,1,-0.33518693111100106,-0.8160407306065733,1,0.0,0.0,1.0,2
269,1,1,0,2.200857898491608,2.14527242190355,2,0.0,0.0,1.0,2
270,1,1,0,0.4333115021019107,2.0186331792044068,0,0.0,0.0,1.0,1
271,0,1,1,-0.10463740114712752,0.5198636196706229,1,0.0,0.0,1.0,1
272,1,3,1,-0.33518693111100106,-3.0585777291682934,1,0.0,0.0,1.0,1
273,1,2,0,0.8944105620296577,0.06007112543995847,2,0.0,0.0,1.0,2
274,0,1,1,0.5870111887444931,0.4770416648490861,1,1.0,0.0,0.0,2
275,1,3,0,-0.10463740114712752,-0.8189865811572414,0,0.0,1.0,0.0,1
276,1,1,0,2.585107115098064,1.452419049919151,0,0.0,0.0,1.0,2
277,0,3,0,1.2018099353148226,-0.8189865811572414,0,0.0,0.0,1.0,1
278,0,2,1,-0.10463740114712752,-3.0585777291682934,1,0.0,0.0,1.0,1
279,0,3,1,-1.7184841108942424,0.457519539438721,3,0.0,1.0,0.0,6
280,1,3,0,0.4333115021019107,0.0971716406458445,2,0.0,0.0,1.0,3
281,0,3,1,2.738806801740646,-0.8189865811572414,1,0.0,1.0,0.0,1
282,0,3,1,-0.10463740114712752,-0.806763380796033,1,0.0,0.0,1.0,1
283,0,3,1,-1.0268355210026217,-0.6307359423566569,1,0.0,0.0,1.0,1
284,1,3,1,-0.7962859910387481,-0.7841792430073967,1,0.0,0.0,1.0,1
285,0,1,1,-0.10463740114712752,0.3444394801955362,1,0.0,0.0,1.0,1
286,0,3,1,0.27961181545932834,-0.7165619336211217,1,1.0,0.0,0.0,1
287,1,3,1,0.04906228549545483,-0.6307359423566569,1,0.0,0.0,1.0,1
288,0,3,1,-0.5657364610748746,-0.8019236166026618,1,0.0,0.0,1.0,1
289,1,2,1,0.9712604053509489,-0.3336984726090336,1,0.0,0.0,1.0,1
290,1,3,0,-0.5657364610748746,-0.8189865811572414,0,0.0,1.0,0.0,1
291,1,1,0,-0.2583370877897099,1.464014258564117,0,0.0,0.0,1.0,1
292,1,1,0,-0.7962859910387481,1.6111475224786775,2,1.0,0.0,0.0,2
293,0,2,1,0.5101613454232019,-0.3429588030007618,1,1.0,0.0,0.0,1
294,0,3,0,-0.41203677443229225,-0.6967178907118832,0,0.0,0.0,1.0,1
295,0,3,1,-0.41203677443229225,-0.8019236166026618,1,0.0,0.0,1.0,1
296,0,1,1,-0.10463740114712752,0.4082334475616762,1,1.0,0.0,0.0,1
297,0,3,1,-0.45046169609293785,-0.8823470582632056,1,1.0,0.0,0.0,1
298,0,1,0,-2.1027333275006983,2.132408321022389,0,0.0,0.0,1.0,4
299,1,1,1,-0.10463740114712752,0.5036031274312862,1,0.0,0.0,1.0,1
300,1,1,0,1.5860591519212783,2.6363132839087284,2,1.0,0.0,0.0,2
301,1,3,0,-0.10463740114712752,-0.8189865811572414,0,0.0,1.0,0.0,1
302,1,3,1,-0.10463740114712752,0.23352593393921808,1,0.0,1.0,0.0,3
303,0,3,1,-0.7962859910387481,-3.0585777291682934,1,0.0,0.0,1.0,1
304,1,2,0,-0.10463740114712752,-0.38278544498532663,0,0.0,1.0,0.0,1
305,0,3,1,-0.10463740114712752,-0.7841792430073967,1,0.0,0.0,1.0,1
306,1,1,1,-2.1857311582876924,2.132408321022389,3,0.0,0.0,1.0,4
307,1,1,0,-0.10463740114712752,1.812289926928167,0,1.0,0.0,0.0,1
308,1,1,0,-0.9499856776813305,1.7938227894866787,2,1.0,0.0,0.0,2
309,0,2,1,0.04906228549545483,0.26497567234198965,1,1.0,0.0,0.0,2
310,1,1,0,0.04906228549545483,1.1326493972880125,0,1.0,0.0,0.0,1
311,1,1,0,-0.41203677443229225,1.5182728441543658,0,1.0,0.0,0.0,1
312,1,1,0,-0.8731358343600393,2.6962534687059603,0,1.0,0.0,0.0,5
313,0,2,0,-0.2583370877897099,0.3444394801955362,2,0.0,0.0,1.0,3
314,0,3,1,-0.10463740114712752,-0.8019236166026618,1,0.0,0.0,1.0,1
315,0,2,1,1.0481102486722402,0.35395586016517094,1,0.0,0.0,1.0,3
316,1,3,0,-0.2583370877897099,-0.806763380796033,0,0.0,0.0,1.0,1
317,1,2,0,-0.41203677443229225,0.3444394801955362,2,0.0,0.0,1.0,2
318,0,2,1,1.893458525206443,-0.2624619586252086,3,0.0,0.0,1.0,1
319,1,1,0,0.12591212881674602,2.218822021910339,0,0.0,0.0,1.0,3
320,1,1,0,0.8175607187083667,2.010033264475824,2,1.0,0.0,0.0,3
321,0,3,1,-0.5657364610748746,-0.8797405693934278,1,0.0,0.0,1.0,1
322,0,3,1,-0.1814872444684187,-0.8019236166026618,1,0.0,0.0,1.0,1
323,1,2,0,0.04906228549545483,-0.38278544498532663,0,0.0,1.0,0.0,1
324,1,2,0,-0.5657364610748746,0.4532263111425748,2,0.0,0.0,1.0,3
325,0,3,1,-0.10463740114712752,1.3361591794576348,1,0.0,0.0,1.0,11
326,1,1,0,0.5101613454232019,2.0186331792044068,0,1.0,0.0,0.0,1
327,0,3,1,2.4314074284554814,-1.0149359989180027,1,0.0,0.0,1.0,1
328,1,2,0,0.5101613454232019,-0.3336984726090336,2,0.0,0.0,1.0,1
329,1,3,0,0.12591212881674602,0.11044794172866994,2,0.0,0.0,1.0,3
330,1,1,0,-1.0268355210026217,1.1511968252901217,0,1.0,0.0,0.0,2
331,1,3,0,-0.10463740114712752,0.23352593393921808,0,0.0,1.0,0.0,3
332,0,1,1,1.2402348569754682,0.4358726267231761,1,0.0,0.0,1.0,1
333,0,1,1,0.6638610320657843,2.14527242190355,1,0.0,0.0,1.0,2
334,0,3,1,-1.0268355210026217,-0.01838583697289204,1,0.0,0.0,1.0,3
335,1,1,0,-0.10463740114712752,2.003535801391161,2,0.0,0.0,1.0,2
336,0,3,1,-0.10463740114712752,-0.8019236166026618,1,0.0,0.0,1.0,1
337,0,1,1,-0.027787557825836348,1.2920564383571118,1,0.0,0.0,1.0,2
338,1,1,0,0.8944105620296577,2.010033264475824,0,1.0,0.0,0.0,1
339,1,3,1,1.2018099353148226,-0.7841792430073967,1,0.0,0.0,1.0,1
340,0,1,1,1.2018099353148226,0.6557188297748954,1,0.0,0.0,1.0,1
341,1,2,1,-2.1027333275006983,0.3444394801955362,3,0.0,0.0,1.0,3
342,1,1,0,-0.41203677443229225,2.6987007794454887,0,0.0,0.0,1.0,6
343,0,2,1,-0.10463740114712752,-0.3336984726090336,1,0.0,0.0,1.0,1
344,0,2,1,-0.33518693111100106,-0.3336984726090336,1,0.0,0.0,1.0,1
345,0,2,1,0.5101613454232019,-0.3336984726090336,1,0.0,0.0,1.0,1
346,1,2,0,-0.41203677443229225,-0.3336984726090336,0,0.0,0.0,1.0,1
347,1,2,0,0.8175607187083667,-0.3336984726090336,0,0.0,0.0,1.0,1
348,1,3,0,-0.10463740114712752,-0.12717266791993012,2,0.0,0.0,1.0,2
349,1,3,1,-2.025883484179407,-0.1393201011784549,3,0.0,0.0,1.0,3
350,0,3,1,0.9712604053509489,-0.7165619336211217,1,0.0,0.0,1.0,1
351,0,3,1,-0.48888661775358344,-0.658138561741074,1,0.0,0.0,1.0,1
352,0,1,1,-0.10463740114712752,0.6414769499431594,1,0.0,0.0,1.0,1
353,0,3,1,-1.1036853643239128,-0.8823470582632056,1,1.0,0.0,0.0,3
354,0,3,1,-0.33518693111100106,-0.029312075627065143,1,0.0,0.0,1.0,2
355,0,3,1,-0.10463740114712752,-0.8828741679067217,1,1.0,0.0,0.0,1
356,0,3,1,-0.10463740114712752,-0.6307359423566569,1,0.0,0.0,1.0,1
357,1,1,0,-0.5657364610748746,1.0976780669265336,0,0.0,0.0,1.0,2
358,0,2,0,0.6638610320657843,-0.3336984726090336,0,0.0,0.0,1.0,1
359,1,3,0,-0.10463740114712752,-0.8038521494426432,0,0.0,1.0,0.0,1
360,1,3,0,-0.10463740114712752,-0.8038521494426432,0,0.0,1.0,0.0,1
361,0,3,1,0.8175607187083667,0.4146557174979072,1,0.0,0.0,1.0,6
362,0,2,1,-0.027787557825836348,0.4082334475616762,1,1.0,0.0,0.0,2
363,0,3,0,1.2018099353148226,-0.23166125968823223,2,1.0,0.0,0.0,2
364,0,3,1,0.4333115021019107,-0.9050797531497118,1,0.0,0.0,1.0,1
365,0,3,1,-0.10463740114712752,-0.16405229962564447,1,0.0,1.0,0.0,2
366,0,3,1,0.04906228549545483,-0.8797405693934278,1,0.0,0.0,1.0,1
367,1,1,0,2.3545575851341902,1.4163815756188534,2,1.0,0.0,0.0,2
368,1,3,0,-0.10463740114712752,-0.8823470582632056,2,1.0,0.0,0.0,1
369,1,3,0,-0.10463740114712752,-0.8189865811572414,0,0.0,1.0,0.0,1
370,1,1,0,-0.41203677443229225,1.3324938581871215,3,1.0,0.0,0.0,1
371,1,1,1,-0.33518693111100106,1.1057901177672143,1,1.0,0.0,0.0,2
372,0,3,1,-0.8731358343600393,-0.9787286015064478,1,0.0,0.0,1.0,2
373,0,3,1,-0.7962859910387481,-0.7841792430073967,1,0.0,0.0,1.0,1
374,0,1,1,-0.5657364610748746,2.0186331792044068,1,1.0,0.0,0.0,1
375,0,3,0,-2.025883484179407,0.1364991380659541,0,0.0,0.0,1.0,5
376,1,1,0,-0.10463740114712752,1.5060857797883969,2,1.0,0.0,0.0,2
377,1,3,0,-0.5657364610748746,-0.8797405693934278,0,0.0,0.0,1.0,1
378,0,1,1,-0.1814872444684187,2.4746366111687697,1,1.0,0.0,0.0,3
379,0,3,1,-0.719436147717457,-1.3942229498762084,1,1.0,0.0,0.0,1
380,0,3,1,-0.7962859910387481,-0.8160407306065733,1,0.0,0.0,1.0,1
381,1,1,0,0.9712604053509489,2.5497045522452972,0,1.0,0.0,0.0,1
382,1,3,0,-2.1795831708219895,-0.14903715526900022,0,1.0,0.0,0.0,3
383,0,3,1,0.20276197213803718,-0.798539974052802,1,0.0,0.0,1.0,1
384,1,1,0,0.4333115021019107,1.0408277503255374,2,0.0,0.0,1.0,2
385,0,3,1,-0.10463740114712752,-0.8019236166026618,1,0.0,0.0,1.0,1
386,0,2,1,-0.8731358343600393,1.3924082286355355,1,0.0,0.0,1.0,1
387,0,3,1,-2.1795831708219895,0.936361092700485,3,0.0,0.0,1.0,8
388,1,2,0,0.5101613454232019,-0.3336984726090336,0,0.0,0.0,1.0,1
389,0,3,1,-0.10463740114712752,-0.8214439504217126,1,0.0,1.0,0.0,1
390,1,2,0,-0.9499856776813305,-0.4102164299119116,0,1.0,0.0,0.0,1
391,1,1,1,0.5101613454232019,1.8931715298766851,1,0.0,0.0,1.0,4
392,1,3,1,-0.6425863043961658,-0.8135961720983267,1,0.0,0.0,1.0,1
393,0,3,1,-0.10463740114712752,-0.798539974052802,1,0.0,0.0,1.0,3
394,1,1,0,-0.48888661775358344,1.834129231109428,0,1.0,0.0,0.0,2
395,1,3,0,-0.41203677443229225,-0.09156500424402261,2,0.0,0.0,1.0,3
396,0,3,1,-0.5657364610748746,-0.8135961720983267,1,0.0,0.0,1.0,1
397,0,3,0,0.12591212881674602,-0.806763380796033,0,0.0,0.0,1.0,1
398,0,2,1,1.2786597786361138,0.3444394801955362,1,0.0,0.0,1.0,1
399,0,2,1,-0.48888661775358344,-0.5368057694182641,3,0.0,0.0,1.0,1
400,1,2,0,-0.10463740114712752,-0.35983961362319966,2,0.0,0.0,1.0,1
401,1,3,1,0.7407108753870755,-0.798539974052802,1,0.0,0.0,1.0,1
402,0,3,1,-0.2583370877897099,-0.7841792430073967,1,0.0,0.0,1.0,1
403,0,3,0,-0.6425863043961658,-0.5992616204389827,0,0.0,0.0,1.0,2
404,0,3,1,-0.10463740114712752,-0.1423794216910609,1,0.0,0.0,1.0,2
405,0,3,0,-0.719436147717457,-0.7165619336211217,0,0.0,0.0,1.0,1
406,0,2,1,0.35646165878061953,0.1329851701219792,1,0.0,0.0,1.0,2
407,0,3,1,1.6629089952425695,-0.8189865811572414,1,0.0,0.0,1.0,1
408,1,2,1,-2.025883484179407,0.021587667954472933,3,0.0,0.0,1.0,3
409,0,3,1,-0.6425863043961658,-0.8160407306065733,1,0.0,0.0,1.0,1
410,0,3,0,-0.10463740114712752,0.32384119624754826,0,0.0,0.0,1.0,5
411,0,3,1,-0.10463740114712752,-0.8019236166026618,1,0.0,0.0,1.0,1
412,0,3,1,-0.10463740114712752,-0.9299653348541039,1,0.0,1.0,0.0,1
413,1,1,0,0.27961181545932834,1.5989745568795648,0,0.0,1.0,0.0,2
414,0,2,1,-0.10463740114712752,-3.0585777291682934,1,0.0,0.0,1.0,1
415,1,3,1,1.1249600919935314,-0.798539974052802,1,0.0,0.0,1.0,1
416,0,3,0,-0.10463740114712752,-0.7841792430073967,2,0.0,0.0,1.0,1
417,1,2,0,0.35646165878061953,0.5671628780396996,2,0.0,0.0,1.0,3
418,1,2,0,-0.8731358343600393,-0.3336984726090336,0,0.0,0.0,1.0,3
419,0,2,1,0.04906228549545483,-0.3336984726090336,1,0.0,0.0,1.0,1
420,0,3,0,-1.4879345809303688,0.2711522804976662,0,0.0,0.0,1.0,3
421,0,3,1,-0.10463740114712752,-0.8019236166026618,1,1.0,0.0,0.0,1
422,0,3,1,-0.6425863043961658,-0.8209591021193487,1,0.0,1.0,0.0,1
423,0,3,1,-0.027787557825836348,-0.804340663003928,1,0.0,0.0,1.0,1
424,0,3,0,-0.10463740114712752,-0.23528881360946907,2,0.0,0.0,1.0,3
425,0,3,1,-0.8731358343600393,0.09534793704965058,1,0.0,0.0,1.0,3
426,0,3,1,-0.10463740114712752,-0.8797405693934278,1,0.0,0.0,1.0,1
427,1,2,0,-0.10463740114712752,0.3444394801955362,2,0.0,0.0,1.0,2
428,1,2,0,-0.7962859910387481,0.3444394801955362,0,0.0,0.0,1.0,1
429,0,3,1,-0.10463740114712752,-0.8189865811572414,1,0.0,1.0,0.0,1
430,1,3,1,0.20276197213803718,-0.7841792430073967,1,0.0,0.0,1.0,1
431,1,1,1,-0.10463740114712752,0.36526093570402607,1,0.0,0.0,1.0,1
432,1,3,0,-0.10463740114712752,-0.12717266791993012,2,0.0,0.0,1.0,2
433,1,2,0,0.9712604053509489,0.3444394801955362,2,0.0,0.0,1.0,2
434,0,3,1,-0.9499856776813305,-0.8955045384601199,1,0.0,0.0,1.0,1
435,0,1,1,1.5860591519212783,1.1141402035210881,1,0.0,0.0,1.0,2
436,1,1,0,-1.180535207645204,1.8931715298766851,0,0.0,0.0,1.0,4
437,0,3,0,-0.6425863043961658,0.6233938271906204,0,0.0,0.0,1.0,5
438,1,2,0,-0.41203677443229225,0.021587667954472933,2,0.0,0.0,1.0,6
439,0,1,1,2.661956958419355,2.6987007794454887,1,0.0,0.0,1.0,6
440,0,2,1,0.12591212881674602,-0.5368057694182641,1,0.0,0.0,1.0,1
441,1,2,0,1.2018099353148226,0.35395586016517094,2,0.0,0.0,1.0,3
442,0,3,1,-0.719436147717457,-0.6307359423566569,1,0.0,0.0,1.0,1
443,0,3,1,-0.33518693111100106,-0.8160407306065733,1,0.0,0.0,1.0,2
444,1,2,0,-0.10463740114712752,-0.3336984726090336,3,0.0,0.0,1.0,1
445,1,3,1,-0.10463740114712752,-0.7770730902669089,1,0.0,0.0,1.0,1
446,1,1,1,-1.949033640858116,1.5021989568725875,3,0.0,0.0,1.0,3
447,1,2,0,-1.2573850509664952,0.06007112543995847,0,0.0,0.0,1.0,2
448,1,1,1,0.35646165878061953,0.36526093570402607,1,0.0,0.0,1.0,1
449,1,3,0,-1.8721837975368247,0.047825129435189045,0,1.0,0.0,0.0,4
450,1,1,1,1.7397588385638607,0.5036031274312862,3,0.0,0.0,1.0,1
451,0,2,1,0.5101613454232019,0.40928266156909443,1,0.0,0.0,1.0,4
452,0,3,1,-0.10463740114712752,0.0833137463231359,1,0.0,0.0,1.0,2
453,0,1,1,0.04906228549545483,0.40928266156909443,1,1.0,0.0,0.0,1
454,1,1,1,1.5092093085999871,1.588760118059578,1,1.0,0.0,0.0,2
455,0,3,1,-0.10463740114712752,-0.7841792430073967,1,0.0,0.0,1.0,1
456,1,3,1,-0.027787557825836348,-0.8019236166026618,1,1.0,0.0,0.0,1
457,0,1,1,2.738806801740646,0.36526093570402607,1,0.0,0.0,1.0,1
458,1,1,0,-0.10463740114712752,1.038145562232327,2,0.0,0.0,1.0,2
459,1,2,0,1.5860591519212783,-0.5368057694182641,0,0.0,0.0,1.0,1
460,0,3,1,-0.10463740114712752,-0.8189865811572414,1,0.0,1.0,0.0,1
461,1,1,1,1.432359465278696,0.36526093570402607,1,0.0,0.0,1.0,1
462,0,3,1,0.35646165878061953,-0.7841792430073967,1,0.0,0.0,1.0,1
463,0,1,1,1.3555096219574048,0.7372759377222563,1,0.0,0.0,1.0,1
464,0,2,1,1.432359465278696,-0.3336984726090336,1,0.0,0.0,1.0,1
465,0,3,1,-0.10463740114712752,-0.7841792430073967,1,0.0,0.0,1.0,1
466,0,3,1,0.6638610320657843,-0.9050797531497118,1,0.0,0.0,1.0,1
467,0,2,1,-0.10463740114712752,-3.0585777291682934,1,0.0,0.0,1.0,1
468,0,1,1,2.0471582118490255,0.36526093570402607,1,0.0,0.0,1.0,1
469,0,3,1,-0.10463740114712752,-0.8219408604763344,1,0.0,1.0,0.0,1
470,1,3,0,-2.1987956316523123,0.047825129435189045,0,1.0,0.0,0.0,4
471,0,3,1,-0.10463740114712752,-0.8797405693934278,1,0.0,0.0,1.0,1
472,0,3,1,0.6638610320657843,-0.7165619336211217,1,0.0,0.0,1.0,1
473,1,2,0,0.27961181545932834,0.40928266156909443,2,0.0,0.0,1.0,4
474,1,2,0,-0.48888661775358344,-0.2769007052339032,2,1.0,0.0,0.0,1
475,0,3,0,-0.5657364610748746,-0.5980700220174994,0,0.0,0.0,1.0,1
476,0,1,1,-0.10463740114712752,1.0408277503255374,1,0.0,0.0,1.0,1
477,0,2,1,0.35646165878061953,0.1329851701219792,1,0.0,0.0,1.0,2
478,0,3,1,-0.027787557825836348,-0.9056185997745971,1,0.0,0.0,1.0,2
479,0,3,1,-0.5657364610748746,-0.8463932397472813,1,0.0,0.0,1.0,1
480,1,3,0,-2.1027333275006983,-0.38763069046803694,0,0.0,0.0,1.0,2
481,0,3,1,-1.56478442425166,0.936361092700485,3,0.0,0.0,1.0,8
482,0,2,1,-0.10463740114712752,-3.0585777291682934,1,0.0,0.0,1.0,1
483,0,3,1,1.5860591519212783,-0.7841792430073967,1,0.0,0.0,1.0,1
484,1,3,0,2.585107115098064,-0.6221672631581132,2,0.0,0.0,1.0,1
485,1,1,1,-0.33518693111100106,1.6111475224786775,1,1.0,0.0,0.0,2
486,0,3,0,-0.10463740114712752,0.32384119624754826,0,0.0,0.0,1.0,5
487,1,1,0,0.4333115021019107,1.5989745568795648,2,0.0,0.0,1.0,2
488,0,1,1,2.200857898491608,0.4770416648490861,1,1.0,0.0,0.0,1
489,0,3,1,0.04906228549545483,-0.7841792430073967,1,0.0,0.0,1.0,1
490,1,3,1,-1.56478442425166,-0.1393201011784549,3,0.0,0.0,1.0,3
491,0,3,1,-0.10463740114712752,0.0833137463231359,1,0.0,0.0,1.0,2
492,0,3,1,-0.6425863043961658,-0.8797405693934278,1,0.0,0.0,1.0,1
493,0,1,1,1.9703083685277343,0.5036031274312862,1,0.0,0.0,1.0,1
494,0,1,1,3.1999058616683933,0.9910237262754293,1,1.0,0.0,0.0,1
495,0,3,1,-0.6425863043961658,-0.7841792430073967,1,0.0,0.0,1.0,1
496,0,3,1,-0.10463740114712752,-0.23138736843472296,1,1.0,0.0,0.0,1
497,1,1,0,1.893458525206443,1.4564440718289613,0,1.0,0.0,0.0,2
498,0,3,1,-0.10463740114712752,-0.1893914833819289,1,0.0,0.0,1.0,1
499,0,1,0,-0.33518693111100106,2.132408321022389,2,0.0,0.0,1.0,4
500,0,3,1,-0.41203677443229225,-0.8135961720983267,1,0.0,0.0,1.0,1
501,0,3,1,-0.9499856776813305,-0.7165619336211217,1,0.0,0.0,1.0,1
502,0,3,0,-0.6425863043961658,-0.8189865811572414,0,0.0,1.0,0.0,1
503,0,3,0,-0.10463740114712752,-0.8333405692374476,0,0.0,1.0,0.0,1
504,0,3,0,0.5870111887444931,-0.6221672631581132,0,0.0,0.0,1.0,1
505,1,1,0,-1.0268355210026217,1.5584783893656837,0,0.0,0.0,1.0,1
506,0,1,1,-0.8731358343600393,1.7938227894866787,1,1.0,0.0,0.0,2
507,1,2,0,0.27961181545932834,0.3444394801955362,2,0.0,0.0,1.0,3
508,1,1,1,-0.10463740114712752,0.36526093570402607,1,0.0,0.0,1.0,1
509,0,3,1,-0.10463740114712752,0.20218592718197398,1,0.0,0.0,1.0,1
510,1,3,1,-0.2583370877897099,1.1248955097361604,1,0.0,0.0,1.0,1
511,1,3,1,-0.027787557825836348,-0.8189865811572414,1,0.0,1.0,0.0,1
512,0,3,1,-0.10463740114712752,-0.7841792430073967,1,0.0,0.0,1.0,1
513,1,1,1,0.5101613454232019,0.3553757823476229,1,0.0,0.0,1.0,1
514,1,1,0,1.893458525206443,1.1757752036108362,2,1.0,0.0,0.0,2
515,0,3,1,-0.41203677443229225,-0.8494271027413144,1,0.0,0.0,1.0,1
516,0,1,1,1.3555096219574048,0.6130033879569109,1,0.0,0.0,1.0,1
517,1,2,0,0.35646165878061953,-0.5368057694182641,2,0.0,0.0,1.0,1
518,0,3,1,-0.10463740114712752,0.2711522804976662,1,0.0,1.0,0.0,1
519,1,2,0,0.5101613454232019,0.3444394801955362,2,0.0,0.0,1.0,2
520,0,3,1,0.20276197213803718,-0.8019236166026618,1,0.0,0.0,1.0,1
521,1,1,0,0.04906228549545483,1.6379421972192298,0,0.0,0.0,1.0,1
522,0,3,1,-0.5657364610748746,-0.8019236166026618,1,0.0,0.0,1.0,1
523,0,3,1,-0.10463740114712752,-0.8828741679067217,1,1.0,0.0,0.0,1
524,1,1,0,1.1249600919935314,1.1511968252901217,2,1.0,0.0,0.0,2
525,0,3,1,-0.10463740114712752,-0.8823470582632056,1,1.0,0.0,0.0,1
526,0,3,1,0.8559856403690123,-0.8189865811572414,1,0.0,1.0,0.0,1
527,1,2,0,1.5860591519212783,-0.5368057694182641,0,0.0,0.0,1.0,1
528,0,1,1,-0.10463740114712752,2.523411982756633,1,0.0,0.0,1.0,1
529,0,3,1,0.7407108753870755,-0.798539974052802,1,0.0,0.0,1.0,1
530,0,2,1,-0.48888661775358344,-0.4507125974257932,1,0.0,0.0,1.0,4
531,1,2,0,-2.1027333275006983,0.3444394801955362,0,0.0,0.0,1.0,3
532,0,3,1,-0.10463740114712752,-0.8823470582632056,1,1.0,0.0,0.0,1
533,0,3,1,-0.9499856776813305,-0.8823470582632056,1,1.0,0.0,0.0,3
534,1,3,0,-0.10463740114712752,0.19484336402527688,2,1.0,0.0,0.0,3
535,0,3,0,0.04906228549545483,-0.7165619336211217,0,0.0,0.0,1.0,1
536,1,2,0,-1.7184841108942424,0.35395586016517094,0,0.0,0.0,1.0,3
537,0,1,1,1.2018099353148226,0.36526093570402607,3,0.0,0.0,1.0,1
538,1,1,0,0.04906228549545483,1.7703041212742283,0,1.0,0.0,0.0,1
539,0,3,1,-0.10463740114712752,-0.2286058134653583,1,0.0,0.0,1.0,1
540,1,1,0,-0.5657364610748746,0.9909378569025421,0,1.0,0.0,0.0,3
541,1,1,0,0.5101613454232019,1.3571652197109427,0,0.0,0.0,1.0,3
542,0,3,0,-1.56478442425166,0.5286989276421437,0,0.0,0.0,1.0,7
543,0,3,0,-1.4110847376090776,0.5286989276421437,0,0.0,0.0,1.0,7
544,1,2,1,0.20276197213803718,0.3444394801955362,1,0.0,0.0,1.0,2
545,0,1,1,1.5860591519212783,1.7703041212742283,1,1.0,0.0,0.0,2
546,0,1,1,2.661956958419355,0.3444394801955362,1,0.0,0.0,1.0,1
547,1,2,0,-0.7962859910387481,0.3444394801955362,2,0.0,0.0,1.0,2
548,1,2,1,-0.10463740114712752,-0.27197037165090676,1,1.0,0.0,0.0,1
549,0,3,1,0.27961181545932834,0.11044794172866994,1,0.0,0.0,1.0,3
550,1,2,1,-1.6416342675729512,0.6904870950626278,3,0.0,0.0,1.0,3
551,1,1,1,-0.9499856776813305,1.812289926928167,1,1.0,0.0,0.0,3
552,0,2,1,-0.1814872444684187,0.3444394801955362,1,0.0,0.0,1.0,1
553,0,3,1,-0.10463740114712752,-0.809682843697731,1,0.0,1.0,0.0,1
554,1,3,1,-0.5657364610748746,-0.8828741679067217,1,1.0,0.0,0.0,1
555,1,3,0,-0.5657364610748746,-0.8160407306065733,0,0.0,0.0,1.0,1
556,0,1,1,2.5082572717767726,0.36526093570402607,1,0.0,0.0,1.0,1
557,1,1,0,1.432359465278696,0.7656365698356679,3,1.0,0.0,0.0,2
558,0,1,1,-0.10463740114712752,2.5497045522452972,1,1.0,0.0,0.0,1
559,1,1,0,0.7407108753870755,1.4743073772537167,2,0.0,0.0,1.0,3
560,1,3,0,0.5101613454232019,-0.05151766087005573,2,0.0,0.0,1.0,2
561,0,3,1,-0.10463740114712752,-0.8189865811572414,1,0.0,1.0,0.0,1
562,0,3,1,0.8175607187083667,-0.8019236166026618,1,0.0,0.0,1.0,1
563,0,2,1,-0.10463740114712752,-0.29746598596845064,1,0.0,0.0,1.0,1
564,0,3,1,-0.10463740114712752,-0.7841792430073967,1,0.0,0.0,1.0,1
565,0,3,0,-0.10463740114712752,-0.7841792430073967,0,0.0,0.0,1.0,1
566,0,3,1,-0.41203677443229225,0.2711522804976662,1,0.0,0.0,1.0,3
567,0,3,1,-0.7962859910387481,-0.8019236166026618,1,0.0,0.0,1.0,1
568,0,3,0,-0.027787557825836348,0.1364991380659541,2,0.0,0.0,1.0,5
569,0,3,1,-0.10463740114712752,-0.8823470582632056,1,1.0,0.0,0.0,1
570,1,3,1,0.20276197213803718,-0.806763380796033,1,0.0,0.0,1.0,1
571,1,2,1,2.5082572717767726,-0.5368057694182641,1,0.0,0.0,1.0,1
572,1,1,0,1.816608681885152,1.0306316027835163,2,0.0,0.0,1.0,3
573,1,1,1,0.5101613454232019,0.35915272270042775,1,0.0,0.0,1.0,1
574,1,3,0,-0.10463740114712752,-0.8189865811572414,0,0.0,1.0,0.0,1
575,0,3,1,-1.0268355210026217,-0.7841792430073967,1,0.0,0.0,1.0,1
576,0,3,1,-0.7962859910387481,-0.2286058134653583,1,0.0,0.0,1.0,1
577,1,2,0,0.35646165878061953,-0.3336984726090336,0,0.0,0.0,1.0,1
578,1,1,0,0.7407108753870755,1.1141402035210881,2,0.0,0.0,1.0,2
579,0,3,0,-0.10463740114712752,-0.23138736843472296,2,1.0,0.0,0.0,2
580,1,3,1,0.20276197213803718,-0.798539974052802,1,0.0,0.0,1.0,1
581,1,2,0,-0.33518693111100106,0.4870824563024251,0,0.0,0.0,1.0,3
582,1,1,0,0.7407108753870755,1.812289926928167,2,1.0,0.0,0.0,3
583,0,2,1,1.893458525206443,0.3444394801955362,1,0.0,0.0,1.0,1
584,0,1,1,0.5101613454232019,0.7789025328484201,1,1.0,0.0,0.0,1
585,0,3,1,-0.10463740114712752,-0.71123278673221,1,1.0,0.0,0.0,1
586,1,1,0,-0.8731358343600393,1.4743073772537167,0,0.0,0.0,1.0,3
587,0,2,1,1.3555096219574048,-0.19582465009716046,1,0.0,0.0,1.0,1
588,1,1,1,2.3545575851341902,1.4685301291949246,1,1.0,0.0,0.0,3
589,0,3,1,-0.5657364610748746,-0.7841792430073967,1,0.0,0.0,1.0,1
590,0,3,1,-0.10463740114712752,-0.7841792430073967,1,0.0,0.0,1.0,1
591,0,3,1,0.4333115021019107,-0.8955045384601199,1,0.0,0.0,1.0,1
592,1,1,0,1.7397588385638607,1.4564440718289613,2,1.0,0.0,0.0,2
593,0,3,1,1.3555096219574048,-0.8797405693934278,1,0.0,0.0,1.0,1
594,0,3,0,-0.10463740114712752,-0.8189865811572414,0,0.0,1.0,0.0,3
595,0,2,1,0.5870111887444931,0.3444394801955362,1,0.0,0.0,1.0,2
596,0,3,1,0.5101613454232019,0.2711522804976662,1,0.0,0.0,1.0,3
597,1,2,0,-0.10463740114712752,0.5824597491940529,0,0.0,0.0,1.0,1
598,0,3,1,1.5092093085999871,-3.0585777291682934,1,0.0,0.0,1.0,1
599,0,3,1,-0.10463740114712752,-0.8828741679067217,1,1.0,0.0,0.0,1
600,1,1,1,1.5092093085999871,1.1326493972880125,3,1.0,0.0,0.0,2
601,1,2,0,-0.41203677443229225,0.3819897971587497,2,0.0,0.0,1.0,4
602,0,3,1,-0.10463740114712752,-0.8019236166026618,1,0.0,0.0,1.0,1
603,0,1,1,-0.10463740114712752,0.8344967423387601,1,0.0,0.0,1.0,1
604,0,3,1,1.1249600919935314,-0.7841792430073967,1,0.0,0.0,1.0,1
605,1,1,1,0.4333115021019107,0.36526093570402607,1,1.0,0.0,0.0,1
606,0,3,1,0.5101613454232019,-0.16092818251417132,1,0.0,0.0,1.0,2
607,0,3,1,0.04906228549545483,-0.8019236166026618,1,0.0,0.0,1.0,1
608,1,1,1,-0.1814872444684187,0.5036031274312862,1,0.0,0.0,1.0,1
609,1,2,0,-0.5657364610748746,0.8147822510349934,2,1.0,0.0,0.0,4
610,1,1,0,0.8175607187083667,2.14527242190355,0,0.0,0.0,1.0,1
611,0,3,0,0.7407108753870755,0.5286989276421437,2,0.0,0.0,1.0,7
612,0,3,1,-0.10463740114712752,-0.9050797531497118,1,0.0,0.0,1.0,1
613,1,3,0,-0.10463740114712752,-0.16405229962564447,0,0.0,1.0,0.0,2
614,0,3,1,-0.10463740114712752,-0.8189865811572414,1,0.0,1.0,0.0,1
615,0,3,1,0.4333115021019107,-0.7841792430073967,1,0.0,0.0,1.0,1
616,1,2,0,-0.41203677443229225,1.2673242399099218,0,0.0,0.0,1.0,4
617,0,3,1,0.35646165878061953,-0.23528881360946907,1,0.0,0.0,1.0,3
618,0,3,0,-0.2583370877897099,-0.12717266791993012,2,0.0,0.0,1.0,2
619,1,2,0,-1.949033640858116,0.750263780890198,0,0.0,0.0,1.0,4
620,0,2,1,-0.2583370877897099,-0.5368057694182641,1,0.0,0.0,1.0,1
621,0,3,1,-0.1814872444684187,-0.23166125968823223,1,1.0,0.0,0.0,2
622,1,1,1,0.9712604053509489,1.0515683442816504,1,0.0,0.0,1.0,2
623,1,3,1,-0.719436147717457,-0.14903715526900022,1,1.0,0.0,0.0,3
624,0,3,1,-0.6425863043961658,-0.806763380796033,1,0.0,0.0,1.0,1
625,0,3,1,-0.6425863043961658,-0.12717266791993012,1,0.0,0.0,1.0,1
626,0,1,1,2.4314074284554814,0.5616248415955212,1,0.0,0.0,1.0,1
627,0,2,1,2.1240080551703167,-0.38278544498532663,4,0.0,1.0,0.0,1
628,1,1,0,-0.6425863043961658,1.452419049919151,0,0.0,0.0,1.0,1
629,0,3,1,-0.2583370877897099,-0.8019236166026618,1,0.0,0.0,1.0,1
630,0,3,1,-0.10463740114712752,-0.8209591021193487,1,0.0,1.0,0.0,1
631,1,1,1,3.8915544515600136,0.4870824563024251,1,0.0,0.0,1.0,1
632,0,3,1,1.6629089952425695,-0.9045411875888885,1,0.0,0.0,1.0,1
633,1,1,1,0.20276197213803718,0.5036031274312862,3,1.0,0.0,0.0,1
634,0,1,1,-0.10463740114712752,-3.0585777291682934,1,0.0,0.0,1.0,1
635,0,3,0,-1.56478442425166,0.4146557174979072,0,0.0,0.0,1.0,6
636,1,2,0,-0.10463740114712752,-0.3336984726090336,0,0.0,0.0,1.0,1
637,0,3,1,0.20276197213803718,-0.798539974052802,1,0.0,0.0,1.0,1
638,0,2,1,0.12591212881674602,0.35395586016517094,1,0.0,0.0,1.0,3
639,0,3,0,0.8944105620296577,0.7678594338107121,2,0.0,0.0,1.0,6
640,0,3,1,-0.10463740114712752,-0.12717266791993012,1,0.0,0.0,1.0,2
641,0,3,1,-0.719436147717457,-0.806763380796033,1,0.0,0.0,1.0,1
642,1,1,0,-0.41203677443229225,1.3324938581871215,3,1.0,0.0,0.0,1
643,0,3,0,-2.1027333275006983,0.4146557174979072,0,0.0,0.0,1.0,6
644,1,3,1,-0.10463740114712752,1.1248955097361604,1,0.0,0.0,1.0,1
645,1,3,0,-2.1987956316523123,0.047825129435189045,0,1.0,0.0,0.0,4
646,1,1,1,1.432359465278696,1.4362199751817062,1,1.0,0.0,0.0,2
647,0,3,1,-0.7962859910387481,-0.8019236166026618,1,0.0,0.0,1.0,1
648,1,1,1,2.0471582118490255,0.6557188297748954,3,1.0,0.0,0.0,1
649,0,3,1,-0.10463740114712752,-0.8428609376877135,1,0.0,0.0,1.0,1
650,1,3,0,-0.48888661775358344,-0.8428609376877135,0,0.0,0.0,1.0,1
651,0,3,1,-0.10463740114712752,-0.8019236166026618,1,0.0,0.0,1.0,1
652,1,2,0,-0.8731358343600393,0.2228261499229997,0,0.0,0.0,1.0,2
653,0,3,1,-0.6425863043961658,-0.741349052303618,1,0.0,0.0,1.0,1
654,1,3,0,-0.10463740114712752,-0.809682843697731,0,0.0,1.0,0.0,1
655,0,3,0,-0.8731358343600393,-0.9442940832331417,0,0.0,1.0,0.0,1
656,0,2,1,-0.41203677443229225,1.3924082286355355,1,0.0,0.0,1.0,3
657,0,3,1,-0.10463740114712752,-0.8019236166026618,1,0.0,0.0,1.0,1
658,0,3,0,0.20276197213803718,-0.16405229962564447,2,0.0,1.0,0.0,3
659,0,2,1,-0.48888661775358344,-0.3336984726090336,1,0.0,0.0,1.0,1
660,0,1,1,2.200857898491608,1.834129231109428,1,1.0,0.0,0.0,3
661,1,1,1,1.5860591519212783,2.003535801391161,3,0.0,0.0,1.0,3
662,0,3,1,0.8175607187083667,-0.8828741679067217,1,1.0,0.0,0.0,1
663,0,1,1,1.3555096219574048,0.32854312829417104,1,0.0,0.0,1.0,1
664,0,3,1,0.5101613454232019,-0.8494271027413144,1,0.0,0.0,1.0,1
665,1,3,1,-0.719436147717457,-0.798539974052802,1,0.0,0.0,1.0,2
666,0,2,1,0.20276197213803718,1.3924082286355355,1,0.0,0.0,1.0,3
667,0,2,1,-0.33518693111100106,-0.3336984726090336,1,0.0,0.0,1.0,1
668,0,3,1,-0.10463740114712752,-0.8160407306065733,1,0.0,0.0,1.0,1
669,0,3,1,1.0481102486722402,-0.7841792430073967,1,0.0,0.0,1.0,1
670,1,1,0,-0.10463740114712752,1.0408277503255374,2,0.0,0.0,1.0,2
671,1,2,0,0.8175607187083667,0.750263780890198,2,0.0,0.0,1.0,3
672,0,1,1,0.12591212881674602,1.0408277503255374,1,0.0,0.0,1.0,2
673,0,2,1,3.123056018347102,-0.5368057694182641,1,0.0,0.0,1.0,1
674,1,2,1,0.12591212881674602,-0.3336984726090336,1,0.0,0.0,1.0,1
675,0,2,1,-0.10463740114712752,-3.0585777291682934,1,0.0,0.0,1.0,1
676,0,3,1,-0.8731358343600393,-0.8160407306065733,1,0.0,0.0,1.0,1
677,0,3,1,-0.37361185277164666,-0.7841792430073967,1,0.0,0.0,1.0,1
678,1,3,0,-0.8731358343600393,-0.597669953407196,0,0.0,0.0,1.0,1
679,0,3,0,1.0481102486722402,0.936361092700485,2,0.0,0.0,1.0,8
680,1,1,1,0.5101613454232019,3.3852937438182273,1,1.0,0.0,0.0,2
681,0,3,0,-0.10463740114712752,-0.774244266805356,0,0.0,1.0,0.0,1
682,1,1,1,-0.1814872444684187,1.4362199751817062,1,1.0,0.0,0.0,1
683,0,3,1,-0.719436147717457,-0.658138561741074,1,0.0,0.0,1.0,1
684,0,3,1,-1.180535207645204,0.936361092700485,1,0.0,0.0,1.0,8
685,0,2,1,2.3545575851341902,0.750263780890198,1,0.0,0.0,1.0,3
686,0,2,1,-0.33518693111100106,0.8147822510349934,1,1.0,0.0,0.0,4
687,0,3,1,-1.180535207645204,0.7678594338107121,1,0.0,0.0,1.0,6
688,0,3,1,-0.7962859910387481,-0.5667940759868451,1,0.0,0.0,1.0,1
689,0,3,1,-0.8731358343600393,-0.8135961720983267,1,0.0,0.0,1.0,1
690,1,1,0,-1.1036853643239128,2.4738467350641637,0,0.0,0.0,1.0,2
691,1,1,1,0.12591212881674602,1.1339105535671157,1,0.0,0.0,1.0,2
692,1,3,0,-1.949033640858116,-0.3034147385612252,0,1.0,0.0,0.0,2
693,1,3,1,-0.10463740114712752,1.1248955097361604,1,0.0,0.0,1.0,1
694,0,3,1,-0.33518693111100106,-0.8828741679067217,1,1.0,0.0,0.0,1
695,0,1,1,2.3545575851341902,0.36526093570402607,3,0.0,0.0,1.0,1
696,0,2,1,1.7397588385638607,-0.29746598596845064,1,0.0,0.0,1.0,1
697,0,3,1,1.1249600919935314,-0.7841792430073967,1,0.0,0.0,1.0,1
698,1,3,0,-0.10463740114712752,-0.8209591021193487,0,0.0,1.0,0.0,1
699,0,1,1,1.5092093085999871,1.812289926928167,1,1.0,0.0,0.0,3
700,0,3,1,0.9712604053509489,-0.830854756854953,1,0.0,0.0,1.0,1
701,1,1,0,-0.8731358343600393,2.5497045522452972,2,1.0,0.0,0.0,2
702,1,1,1,0.4333115021019107,0.3553757823476229,1,0.0,0.0,1.0,1
703,0,3,0,-0.8731358343600393,-0.23166125968823223,0,1.0,0.0,0.0,2
704,0,3,1,-0.33518693111100106,-0.8199664648688783,1,0.0,1.0,0.0,1
705,0,3,1,-0.2583370877897099,-0.806763380796033,1,0.0,0.0,1.0,2
706,0,2,1,0.7407108753870755,0.3444394801955362,1,0.0,0.0,1.0,1
707,1,2,0,1.2018099353148226,-0.29746598596845064,2,0.0,0.0,1.0,1
708,1,1,1,0.9712604053509489,0.3553757823476229,1,0.0,0.0,1.0,1
709,1,1,0,-0.5657364610748746,2.132408321022389,0,0.0,0.0,1.0,1
710,1,3,1,-0.10463740114712752,-0.1800831698720664,3,1.0,0.0,0.0,3
711,1,1,0,-0.41203677443229225,0.9910237262754293,3,1.0,0.0,0.0,1
712,0,1,1,-0.10463740114712752,0.36526093570402607,1,0.0,0.0,1.0,1
713,1,1,1,1.432359465278696,1.0408277503255374,1,0.0,0.0,1.0,2
714,0,3,1,-0.027787557825836348,-0.6323794480268654,1,0.0,0.0,1.0,1
715,0,2,1,1.7397588385638607,-0.3336984726090336,1,0.0,0.0,1.0,1
716,0,3,1,-0.7962859910387481,-0.830854756854953,1,0.0,0.0,1.0,1
717,1,1,0,0.6638610320657843,2.5497045522452972,0,1.0,0.0,0.0,1
718,1,2,0,-0.1814872444684187,-0.5368057694182641,0,0.0,0.0,1.0,1
719,0,3,1,-0.10463740114712752,-0.16405229962564447,1,0.0,1.0,0.0,1
720,0,3,1,0.27961181545932834,-0.8160407306065733,1,0.0,0.0,1.0,1
721,1,2,0,-1.7953339542155335,0.5824597491940529,0,0.0,0.0,1.0,2
722,0,3,1,-0.9499856776813305,-0.9045411875888885,1,0.0,0.0,1.0,2
723,0,2,1,0.35646165878061953,-0.3336984726090336,1,0.0,0.0,1.0,1
724,0,2,1,1.5860591519212783,-0.3336984726090336,1,0.0,0.0,1.0,1
725,1,1,1,-0.1814872444684187,1.0620380556287106,1,0.0,0.0,1.0,2
726,0,3,1,-0.719436147717457,-0.7165619336211217,1,0.0,0.0,1.0,1
727,1,2,0,0.04906228549545483,0.1329851701219792,2,0.0,0.0,1.0,4
728,1,3,0,-0.10463740114712752,-0.8204626642072291,0,0.0,1.0,0.0,1
729,0,2,1,-0.33518693111100106,0.3444394801955362,1,0.0,0.0,1.0,2
730,0,3,0,-0.33518693111100106,-0.798539974052802,0,0.0,0.0,1.0,2
731,1,1,0,-0.027787557825836348,2.4738467350641637,0,0.0,0.0,1.0,1
732,0,3,1,-1.4110847376090776,0.023546289947323752,1,1.0,0.0,0.0,1
733,0,2,1,-0.10463740114712752,-3.0585777291682934,1,0.0,0.0,1.0,1
734,0,2,1,-0.48888661775358344,-0.3336984726090336,1,0.0,0.0,1.0,1
735,0,2,1,-0.48888661775358344,-0.3336984726090336,1,0.0,0.0,1.0,1
736,0,3,1,-0.06621247948648194,-0.12717266791993012,1,0.0,0.0,1.0,1
737,0,3,0,1.432359465278696,0.6233938271906204,2,0.0,0.0,1.0,5
738,1,1,1,0.4333115021019107,3.3852937438182273,1,1.0,0.0,0.0,1
739,0,3,1,-0.10463740114712752,-0.8019236166026618,1,0.0,0.0,1.0,1
740,0,3,1,-0.10463740114712752,-0.8019236166026618,1,0.0,0.0,1.0,1
741,1,1,1,-0.10463740114712752,0.4870824563024251,1,0.0,0.0,1.0,1
742,0,1,1,0.5101613454232019,1.464014258564117,1,0.0,0.0,1.0,2
743,1,1,0,-0.6425863043961658,2.6962534687059603,0,1.0,0.0,0.0,5
744,0,3,1,-0.41203677443229225,-0.12717266791993012,1,0.0,0.0,1.0,2
745,1,3,1,0.12591212881674602,-0.798539974052802,1,0.0,0.0,1.0,1
746,0,1,1,3.123056018347102,1.3571652197109427,3,0.0,0.0,1.0,3
747,0,3,1,-1.0268355210026217,0.0971716406458445,1,0.0,0.0,1.0,3
748,1,2,0,0.04906228549545483,-0.3336984726090336,0,0.0,0.0,1.0,1
749,0,1,1,-0.7962859910387481,1.0620380556287106,1,0.0,0.0,1.0,2
750,0,3,1,0.12591212881674602,-0.8189865811572414,1,0.0,1.0,0.0,1
751,1,2,0,-1.949033640858116,0.2228261499229997,0,0.0,0.0,1.0,3
752,1,3,1,-1.7953339542155335,-0.37316263612134226,3,0.0,0.0,1.0,2
753,0,3,1,0.27961181545932834,-0.6307359423566569,1,0.0,0.0,1.0,1
754,0,3,1,-0.48888661775358344,-0.8019236166026618,1,0.0,0.0,1.0,1
755,1,2,0,1.432359465278696,1.2673242399099218,2,0.0,0.0,1.0,4
756,1,2,1,-2.204943619118015,-0.2286058134653583,3,0.0,0.0,1.0,3
757,0,3,1,-0.10463740114712752,-0.8135961720983267,1,0.0,0.0,1.0,1
758,0,2,1,-0.8731358343600393,-0.4507125974257932,1,0.0,0.0,1.0,1
759,0,3,1,0.35646165878061953,-0.7841792430073967,1,0.0,0.0,1.0,1
760,1,1,0,0.27961181545932834,1.5584783893656837,3,0.0,0.0,1.0,1
761,0,3,1,-0.10463740114712752,-0.2286058134653583,1,0.0,0.0,1.0,1
762,0,3,1,0.8944105620296577,-0.8955045384601199,1,0.0,0.0,1.0,1
763,1,3,1,-0.719436147717457,-0.8823470582632056,1,1.0,0.0,0.0,1
764,1,1,0,0.5101613454232019,1.8931715298766851,2,0.0,0.0,1.0,4
765,0,3,1,-1.0268355210026217,-0.8160407306065733,1,0.0,0.0,1.0,1
766,1,1,0,1.6629089952425695,1.452419049919151,2,0.0,0.0,1.0,2
767,0,1,1,-0.10463740114712752,0.7656365698356679,3,1.0,0.0,0.0,1
768,0,3,0,0.08748720715610042,-0.8189865811572414,0,0.0,1.0,0.0,1
769,0,3,1,-0.10463740114712752,0.2711522804976662,1,0.0,1.0,0.0,2
770,0,3,1,0.20276197213803718,-0.7491276790090223,1,0.0,0.0,1.0,1
771,0,3,1,-0.41203677443229225,-0.6307359423566569,1,0.0,0.0,1.0,1
772,0,3,1,1.432359465278696,-0.806763380796033,1,0.0,0.0,1.0,1
773,0,2,0,2.1240080551703167,-0.5368057694182641,2,0.0,0.0,1.0,1
774,0,3,1,-0.10463740114712752,-0.8828741679067217,1,1.0,0.0,0.0,1
775,1,2,0,1.893458525206443,0.2228261499229997,2,0.0,0.0,1.0,5
776,0,3,1,-0.8731358343600393,-0.8189865811572414,1,0.0,0.0,1.0,1
777,0,3,1,-0.10463740114712752,-0.8189865811572414,1,0.0,1.0,0.0,1
778,1,3,0,-1.8721837975368247,-0.37316263612134226,0,0.0,0.0,1.0,1
779,0,3,1,-0.10463740114712752,-0.8204626642072291,1,0.0,1.0,0.0,1
780,1,1,0,1.0481102486722402,2.4738467350641637,2,0.0,0.0,1.0,2
781,1,3,0,-1.2573850509664952,-0.8823470582632056,0,1.0,0.0,0.0,1
782,1,1,0,-0.9499856776813305,1.1339105535671157,2,0.0,0.0,1.0,2
783,0,1,1,-0.027787557825836348,0.4870824563024251,1,0.0,0.0,1.0,1
784,0,3,1,-0.10463740114712752,0.24200663802437702,1,0.0,0.0,1.0,4
785,0,3,1,-0.33518693111100106,-0.9050797531497118,1,0.0,0.0,1.0,1
786,0,3,1,-0.33518693111100106,-0.8797405693934278,1,0.0,0.0,1.0,1
787,1,3,0,-0.8731358343600393,-0.8494271027413144,0,0.0,0.0,1.0,1
788,0,3,1,-1.6416342675729512,0.457519539438721,3,0.0,1.0,0.0,6
789,1,3,1,-2.1795831708219895,0.11284358066326507,3,0.0,0.0,1.0,4
790,0,1,1,1.2786597786361138,1.4685301291949246,1,1.0,0.0,0.0,1
791,0,3,1,-0.10463740114712752,-0.8189865811572414,1,0.0,1.0,0.0,1
792,0,2,1,-1.0268355210026217,0.3444394801955362,1,0.0,0.0,1.0,1
793,0,3,0,-0.10463740114712752,1.3361591794576348,0,0.0,0.0,1.0,11
794,0,1,1,-0.10463740114712752,0.5100012756239033,1,1.0,0.0,0.0,1
795,0,3,1,-0.33518693111100106,-0.8019236166026618,1,0.0,0.0,1.0,1
796,0,2,1,0.7407108753870755,-0.3336984726090336,1,0.0,0.0,1.0,1
797,1,1,0,1.5092093085999871,0.3417284274758476,3,0.0,0.0,1.0,1
798,1,3,0,0.12591212881674602,-0.7143416664249429,2,0.0,0.0,1.0,1
799,0,3,1,0.04906228549545483,-0.8823470582632056,1,1.0,0.0,0.0,1
800,0,3,0,0.04906228549545483,0.2711522804976662,2,0.0,0.0,1.0,3
801,0,2,1,0.35646165878061953,-0.3336984726090336,1,0.0,0.0,1.0,1
802,1,2,0,0.12591212881674602,0.35395586016517094,2,0.0,0.0,1.0,3
803,1,1,1,-1.4110847376090776,1.8931715298766851,3,0.0,0.0,1.0,4
804,1,3,1,-2.224156079948338,-0.7322606388880221,3,1.0,0.0,0.0,2
805,1,3,1,-0.1814872444684187,-0.9147445967366699,1,0.0,0.0,1.0,1
806,0,3,1,0.12591212881674602,-0.8160407306065733,1,0.0,0.0,1.0,1
807,0,1,1,0.7407108753870755,-3.0585777291682934,1,0.0,0.0,1.0,1
808,0,3,0,-0.8731358343600393,-0.8160407306065733,0,0.0,0.0,1.0,1
809,0,2,1,0.7407108753870755,-0.3336984726090336,1,0.0,0.0,1.0,1
810,1,1,0,0.27961181545932834,1.0620380556287106,2,0.0,0.0,1.0,2
811,0,3,1,-0.2583370877897099,-0.802887432760349,1,0.0,0.0,1.0,1
812,0,3,1,0.7407108753870755,0.2711522804976662,1,0.0,0.0,1.0,1
813,0,2,1,0.4333115021019107,-0.5368057694182641,1,0.0,0.0,1.0,1
814,0,3,0,-1.7953339542155335,0.5286989276421437,0,0.0,0.0,1.0,7
815,0,3,1,0.08748720715610042,-0.7841792430073967,1,0.0,0.0,1.0,1
816,0,1,1,-0.10463740114712752,-3.0585777291682934,1,0.0,0.0,1.0,1
817,0,3,0,-0.48888661775358344,-0.798539974052802,0,0.0,0.0,1.0,1
818,0,2,1,0.12591212881674602,0.6974165471111633,1,1.0,0.0,0.0,3
819,0,3,1,1.0481102486722402,-0.9850567418873891,1,0.0,0.0,1.0,1
820,0,3,1,-1.4879345809303688,0.4146557174979072,3,0.0,0.0,1.0,6
821,1,1,0,1.7397588385638607,1.6379421972192298,2,0.0,0.0,1.0,3
822,1,3,1,-0.1814872444684187,-0.7165619336211217,1,0.0,0.0,1.0,1
823,0,1,1,0.6638610320657843,-3.0585777291682934,3,0.0,0.0,1.0,1
824,1,3,0,-0.1814872444684187,-0.37316263612134226,2,0.0,0.0,1.0,2
825,0,3,1,-2.1027333275006983,0.7678594338107121,3,0.0,0.0,1.0,6
826,0,3,1,-0.10463740114712752,-0.9179864201772276,1,0.0,1.0,0.0,1
827,0,3,1,-0.10463740114712752,1.1248955097361604,1,0.0,0.0,1.0,1
828,1,2,1,-2.1795831708219895,0.6974165471111633,3,1.0,0.0,0.0,3
829,1,3,1,-0.10463740114712752,-0.8189865811572414,1,0.0,1.0,0.0,1
830,1,1,0,2.5082572717767726,1.4787785499834798,2,0.0,0.0,1.0,1
831,1,3,0,-1.1036853643239128,-0.23166125968823223,2,1.0,0.0,0.0,2
832,1,2,1,-2.192647644186609,0.021587667954472933,3,0.0,0.0,1.0,3
833,0,3,1,-0.10463740114712752,-0.8823470582632056,1,1.0,0.0,0.0,1
834,0,3,1,-0.48888661775358344,-0.806763380796033,1,0.0,0.0,1.0,1
835,0,3,1,-0.8731358343600393,-0.7560434444325566,1,0.0,0.0,1.0,1
836,1,1,0,0.7407108753870755,1.5182728441543658,0,1.0,0.0,0.0,3
837,0,3,1,-0.6425863043961658,-0.7165619336211217,1,0.0,0.0,1.0,1
838,0,3,1,-0.10463740114712752,-0.7841792430073967,1,0.0,0.0,1.0,1
839,1,3,1,0.20276197213803718,1.1248955097361604,1,0.0,0.0,1.0,1
840,1,1,1,-0.10463740114712752,0.4770416648490861,1,1.0,0.0,0.0,1
841,0,3,1,-0.719436147717457,-0.798539974052802,1,0.0,0.0,1.0,1
842,0,2,1,-1.0268355210026217,-0.5368057694182641,1,0.0,0.0,1.0,1
843,1,1,0,0.04906228549545483,0.5198636196706229,0,1.0,0.0,0.0,1
844,0,3,1,0.3948865804412651,-0.9867906128533871,1,1.0,0.0,0.0,1
845,0,3,1,-0.9499856776813305,-0.7165619336211217,1,0.0,0.0,1.0,1
846,0,3,1,0.9712604053509489,-0.8428609376877135,1,0.0,0.0,1.0,1
847,0,3,1,-0.10463740114712752,1.3361591794576348,1,0.0,0.0,1.0,11
848,0,3,1,0.4333115021019107,-0.8019236166026618,1,1.0,0.0,0.0,1
849,0,2,1,-0.10463740114712752,0.5824597491940529,4,0.0,0.0,1.0,2
850,1,1,0,-0.10463740114712752,1.588760118059578,2,1.0,0.0,0.0,2
851,0,3,1,-1.949033640858116,0.5286989276421437,3,0.0,0.0,1.0,7
852,0,3,1,3.430455391632267,-0.8160407306065733,1,0.0,0.0,1.0,1
853,0,3,0,-1.56478442425166,-0.1800831698720664,0,1.0,0.0,0.0,3
854,1,1,0,-1.0268355210026217,0.7605376956829671,0,0.0,0.0,1.0,2
855,0,2,0,1.1249600919935314,0.3444394801955362,2,0.0,0.0,1.0,2
856,1,3,0,-0.8731358343600393,-0.6455926003653025,2,0.0,0.0,1.0,2
857,1,1,0,1.2018099353148226,2.218822021910339,2,0.0,0.0,1.0,3
858,1,1,1,1.6629089952425695,0.36526093570402607,1,0.0,0.0,1.0,1
859,1,3,0,-0.41203677443229225,0.047825129435189045,2,1.0,0.0,0.0,4
860,0,3,1,-0.10463740114712752,-0.8823470582632056,1,1.0,0.0,0.0,1
861,0,3,1,0.8944105620296577,-0.2550339477875714,1,0.0,0.0,1.0,3
862,0,2,1,-0.6425863043961658,-0.4507125974257932,1,0.0,0.0,1.0,2
863,1,1,0,1.432359465278696,0.3417284274758476,2,0.0,0.0,1.0,1
864,0,3,0,-0.10463740114712752,1.3361591794576348,0,0.0,0.0,1.0,11
865,0,2,1,-0.41203677443229225,-0.3336984726090336,1,0.0,0.0,1.0,1
866,1,2,0,0.9712604053509489,-0.3336984726090336,2,0.0,0.0,1.0,1
867,1,2,0,-0.1814872444684187,-0.272262193114855,0,1.0,0.0,0.0,2
868,0,1,1,0.12591212881674602,1.0110997852233976,1,0.0,0.0,1.0,1
869,0,3,1,-0.10463740114712752,-0.6307359423566569,1,0.0,0.0,1.0,1
870,1,3,1,-1.949033640858116,-0.48145578049281335,3,0.0,0.0,1.0,3
871,0,3,1,-0.2583370877897099,-0.8019236166026618,1,0.0,0.0,1.0,1
872,1,1,0,1.3555096219574048,1.0515683442816504,2,0.0,0.0,1.0,3
873,0,1,1,0.27961181545932834,-1.208550389612567,1,0.0,0.0,1.0,1
874,0,3,1,1.3555096219574048,-0.6811127586453682,1,0.0,0.0,1.0,1
875,1,2,0,-0.10463740114712752,0.26497567234198965,2,1.0,0.0,0.0,2
876,1,3,0,-1.1036853643239128,-0.8828741679067217,0,1.0,0.0,0.0,1
877,0,3,1,-0.719436147717457,-0.5972795597045879,1,0.0,0.0,1.0,1
878,0,3,1,-0.7962859910387481,-0.8019236166026618,1,0.0,0.0,1.0,1
879,0,3,1,-0.10463740114712752,-0.8019236166026618,1,0.0,0.0,1.0,1
880,1,1,0,2.0471582118490255,1.5182728441543658,2,1.0,0.0,0.0,2
881,1,2,0,-0.33518693111100106,0.3444394801955362,2,0.0,0.0,1.0,2
882,0,3,1,0.27961181545932834,-0.8019236166026618,1,0.0,0.0,1.0,1
883,0,3,0,-0.5657364610748746,-0.5353074585700541,0,0.0,0.0,1.0,1
884,0,2,1,-0.10463740114712752,-0.5368057694182641,1,0.0,0.0,1.0,1
885,0,3,1,-0.33518693111100106,-0.9050797531497118,1,0.0,0.0,1.0,1
886,0,3,0,0.7407108753870755,0.457519539438721,2,0.0,1.0,0.0,6
887,0,2,1,-0.1814872444684187,-0.3336984726090336,4,0.0,0.0,1.0,1
888,1,1,0,-0.7962859910387481,0.4870824563024251,0,0.0,0.0,1.0,1
889,0,3,0,-0.10463740114712752,0.24200663802437702,0,0.0,0.0,1.0,4
890,1,1,1,-0.2583370877897099,0.4870824563024251,1,1.0,0.0,0.0,1
891,0,3,1,0.20276197213803718,-0.8189865811572414,1,0.0,1.0,0.0,1
